Unnamed: 0,user_id,age,income_range,risk_profile,occupation,age_range_sturges,primer_producto,fecha_primer_producto,segundo_producto,fecha_segundo_producto,dias_entre_productos,antiguedad_cliente,checking_account,savings_account,credit_card,insurance,investment,numero_productos,combinacion_productos,entertainment_count,food_count,health_count,shopping_count,supermarket_count,transport_count,travel_count,mes_mas_compras,mes_mayor_monto,transacciones_promedio_mensual,variacion_mensual_promedio,variacion_mensual_promedio_pct,n_meses_activos,recencia_transaccion,categoria_favorita_monto,total_spend_fav
1,user_001,19,30k-50k,conservative,Sericultor,18–24,checking_account,2021-06-01,none,1900-01-01,0.0,944,1,0,0,0,0,1,checking_account,0,3,0,3,3,3,1,2023-03-01,2023-12-01,2.16666666666667,62.594,0.512340552890028,6,6,travel,546.8
2,user_002,54,100k-150k,moderate,Agente de aduanas,53–59,checking_account,2021-09-11,investment,2021-10-16,35.0,842,1,0,0,0,1,2,checking_account + investment,1,1,2,1,3,0,0,2023-06-01,2023-06-01,1.33333333333333,4.19,1.40327319433313,6,18,supermarket,282.51
3,user_003,23,100k-150k,moderate,Conductor de autobús,18–24,savings_account,2021-02-07,insurance,2021-07-25,168.0,1058,0,1,0,1,0,2,insurance + savings_account,0,0,0,1,2,2,0,2023-01-01,2023-01-01,1.0,-12.6825,0.0844072193582014,5,58,transport,226.75
4,user_004,63,30k-50k,conservative,Oficial de préstamos y créditos,60–66,checking_account,2021-11-02,none,1900-01-01,0.0,790,1,0,0,0,0,1,checking_account,1,3,1,0,4,3,0,2023-12-01,2023-12-01,1.5,17.26,1.81032632278907,8,1,supermarket,521.6
5,user_005,30,50k-100k,moderate,Pulidor de metales y afilador de herramientas,25–31,savings_account,2022-06-08,credit_card,2022-08-05,58.0,572,0,1,1,0,0,2,credit_card + savings_account,2,1,1,2,6,0,1,2023-11-01,2023-03-01,1.625,-17.0942857142857,1.05074609848974,8,42,travel,1497.61
6,user_006,62,100k-150k,moderate,Maquinista de locomotoras,60–66,savings_account,2021-10-09,credit_card,2022-01-22,105.0,814,0,1,1,0,0,2,credit_card + savings_account,1,0,1,1,1,3,0,2023-09-01,2023-06-01,1.16666666666667,-11.038,1.97185212287094,6,6,health,313.25
7,user_007,21,150k+,aggressive,Planchador manuales,18–24,savings_account,2022-06-24,none,1900-01-01,0.0,556,0,1,0,0,0,1,savings_account,1,4,0,2,2,5,0,2023-12-01,2023-12-01,1.55555555555556,32.8175,3.34770856365376,9,5,food,258.22
8,user_008,38,150k+,aggressive,Receptor de apuestas,39–45,checking_account,2020-01-18,insurance,2021-10-11,632.0,1444,1,0,0,1,0,2,checking_account + insurance,0,1,0,1,2,2,0,2023-03-01,2023-03-01,1.5,-41.6333333333333,0.421730115673686,4,14,supermarket,347.94
9,user_009,40,50k-100k,moderate,Conductor de automóviles,39–45,checking_account,2020-02-07,insurance,2021-08-05,545.0,1424,1,0,0,1,0,2,checking_account + insurance,2,2,1,1,2,1,0,2023-05-01,2023-03-01,1.28571428571429,-14.3683333333333,0.587221185104618,7,15,supermarket,141.51
10,user_010,68,100k-150k,moderate,Demostrador de tiendas,67–70,checking_account,2021-01-16,credit_card,2022-12-01,684.0,1080,1,0,1,0,0,2,checking_account + credit_card,1,1,0,2,2,1,0,2023-08-01,2023-08-01,1.4,-3.01,0.558910687778027,5,11,shopping,173.5
11,user_011,29,150k+,aggressive,Programador de aplicaciones,25–31,insurance,2021-04-12,savings_account,2021-08-23,133.0,994,0,1,0,1,0,2,insurance + savings_account,3,1,2,1,2,2,1,2023-04-01,2023-09-01,1.5,0.0985714285714384,23.0008741618468,8,28,travel,1356.98
12,user_012,45,100k-150k,moderate,Profesional de ventas de tecnología de la información y las comunicaciones,46–52,savings_account,2020-09-25,credit_card,2022-02-16,509.0,1193,0,1,1,0,0,2,credit_card + savings_account,0,6,0,2,6,2,1,2023-03-01,2023-04-01,1.7,-3.58888888888889,0.33348185744642,10,49,travel,680.22
13,user_013,48,100k-150k,moderate,Camarero de barra,46–52,checking_account,2022-06-06,investment,2022-10-05,121.0,574,1,0,0,0,1,2,checking_account + investment,0,2,0,1,3,1,1,2023-06-01,2023-05-01,1.14285714285714,-15.7433333333333,1.32770091321307,7,34,travel,1318.12
14,user_014,35,50k-100k,moderate,Operador de instalaciones de procesamiento de metales,32–38,checking_account,2020-09-24,none,1900-01-01,0.0,1194,1,0,0,0,0,1,checking_account,0,1,1,1,3,3,0,2023-03-01,2023-12-01,1.8,32.8325,0.23177359515285,5,7,transport,351.52
15,user_015,25,100k-150k,moderate,Profesional de ventas técnicas y médicas,25–31,savings_account,2022-02-27,insurance,2022-05-12,74.0,673,0,1,0,1,0,2,insurance + savings_account,1,3,0,2,4,0,0,2023-05-01,2023-10-01,1.66666666666667,63.306,2.16814548088601,6,85,supermarket,443.29
16,user_016,23,50k-100k,moderate,Profesional religioso,18–24,savings_account,2020-01-28,none,1900-01-01,0.0,1434,0,1,0,0,0,1,savings_account,1,1,2,0,3,3,0,2023-02-01,2023-02-01,1.66666666666667,-65.066,-0.267437654648389,6,92,health,436.16
17,user_017,43,150k+,aggressive,Curtidor,39–45,checking_account,2020-01-21,investment,2021-01-21,366.0,1441,1,0,0,0,1,2,checking_account + investment,2,0,1,0,1,0,1,2023-11-01,2023-11-01,1.25,113.596666666667,4.28171002526968,4,34,travel,341.38
18,user_018,59,100k-150k,moderate,Auxiliar de maestro,60–66,insurance,2022-08-28,checking_account,2022-12-01,95.0,491,1,0,0,1,0,2,checking_account + insurance,1,2,2,2,2,1,0,2023-08-01,2023-08-01,1.42857142857143,16.9066666666667,0.911584365170832,7,5,health,505.35
19,user_019,45,150k+,aggressive,Director de empresas de construcción,46–52,checking_account,2020-06-27,none,1900-01-01,0.0,1283,1,0,0,0,0,1,checking_account,0,1,1,1,2,1,0,2023-10-01,2023-10-01,1.2,118.6325,3.23896447856625,5,74,health,473.18
20,user_020,50,30k-50k,conservative,Miembro del poder legislativo,46–52,savings_account,2022-12-18,none,1900-01-01,0.0,379,0,1,0,0,0,1,savings_account,0,2,1,2,4,1,0,2023-05-01,2023-12-01,1.25,60.7828571428571,0.773152614693663,8,22,health,494.79
21,user_021,33,150k+,aggressive,Mecánico y reparador de instrumentos de precisión,32–38,savings_account,2020-09-21,investment,2022-07-25,672.0,1197,0,1,0,0,1,2,investment + savings_account,2,2,0,1,0,2,1,2023-04-01,2023-08-01,1.33333333333333,-7.07800000000001,1.06588261865015,6,26,travel,525.79
22,user_022,56,50k-100k,moderate,Suboficial de las fuerzas armadas,53–59,savings_account,2021-09-20,credit_card,2021-12-11,82.0,833,0,1,1,0,0,2,credit_card + savings_account,0,3,0,2,2,2,1,2023-09-01,2023-03-01,1.42857142857143,-196.27,0.914109388599335,7,10,travel,1268.6
23,user_023,67,30k-50k,conservative,Vendedor de quioscos y de puestos de mercado,67–70,savings_account,2021-07-10,credit_card,2022-05-21,315.0,905,0,1,1,0,0,2,credit_card + savings_account,0,2,2,1,5,0,0,2023-01-01,2023-05-01,1.11111111111111,-17.705,1.8990028764675,9,16,health,808.89
24,user_024,51,100k-150k,moderate,Operador de instalaciones mineras,53–59,checking_account,2021-08-06,none,1900-01-01,0.0,878,1,0,0,0,0,1,checking_account,3,5,1,1,2,1,0,2023-12-01,2023-12-01,1.625,83.1085714285714,1.37059747540483,8,1,health,406.59
25,user_025,53,30k-50k,conservative,Profesor de formación profesional,53–59,savings_account,2021-09-21,none,1900-01-01,0.0,832,0,1,0,0,0,1,savings_account,1,3,0,1,2,1,1,2023-01-01,2023-03-01,1.5,17.198,0.970718790539431,6,119,travel,1083.48
26,user_026,27,150k+,aggressive,Diseñador multimedia,25–31,savings_account,2020-10-15,investment,2022-04-19,551.0,1173,0,1,0,0,1,2,investment + savings_account,1,1,1,1,2,1,1,2023-05-01,2023-03-01,1.33333333333333,-356.342,0.381834429831988,6,19,travel,1867.99
27,user_027,35,150k+,aggressive,Cuidador de niños,32–38,savings_account,2021-09-24,none,1900-01-01,0.0,829,0,1,0,0,0,1,savings_account,0,1,0,2,4,3,0,2023-04-01,2023-04-01,1.11111111111111,-13.015,0.442836391713514,9,48,transport,316.26
28,user_028,61,30k-50k,conservative,Entrevistador de investigaciones de mercados,60–66,checking_account,2020-01-10,credit_card,2021-03-05,420.0,1452,1,0,1,0,0,2,checking_account + credit_card,3,0,0,0,2,2,0,2023-02-01,2023-02-01,1.4,-31.175,-0.199837415336222,5,5,supermarket,318.54
29,user_029,37,30k-50k,conservative,Cuidador de niños,32–38,savings_account,2021-07-01,none,1900-01-01,0.0,914,0,1,0,0,0,1,savings_account,1,8,1,2,3,0,0,2023-01-01,2023-01-01,1.875,-19.2028571428571,0.347315576277765,8,4,food,521.39
30,user_030,34,150k+,aggressive,Técnico forestal,32–38,checking_account,2021-08-22,none,1900-01-01,0.0,862,1,0,0,0,0,1,checking_account,0,3,1,1,1,0,1,2023-02-01,2023-11-01,1.4,179.8075,0.794715542275187,5,38,travel,847.71
31,user_031,21,150k+,aggressive,Capitán decubierta,18–24,checking_account,2021-04-15,none,1900-01-01,0.0,991,1,0,0,0,0,1,checking_account,4,1,1,0,4,3,0,2023-01-01,2023-09-01,1.625,-15.91,3.6634131030649,8,80,supermarket,442.26
32,user_032,46,50k-100k,moderate,Peletero,46–52,savings_account,2020-02-28,credit_card,2022-06-16,839.0,1403,0,1,1,0,0,2,credit_card + savings_account,0,2,0,2,1,3,1,2023-02-01,2023-11-01,1.5,116.198,2.92209785237932,6,50,travel,681.83
33,user_033,24,50k-100k,moderate,Criador de ganado,18–24,checking_account,2021-03-20,insurance,2021-07-02,104.0,1017,1,0,0,1,0,2,checking_account + insurance,1,1,2,1,3,1,0,2023-01-01,2023-11-01,1.28571428571429,-9.54333333333333,0.54566339353697,7,1,health,564.22
34,user_034,42,30k-50k,conservative,Analista financiero,39–45,checking_account,2021-12-23,none,1900-01-01,0.0,739,1,0,0,0,0,1,checking_account,1,2,0,0,5,2,0,2023-07-01,2023-07-01,1.66666666666667,-8.812,0.39155781753433,6,115,supermarket,614.62
35,user_035,70,30k-50k,conservative,Profesional de enfermería,67–70,savings_account,2021-03-04,none,1900-01-01,0.0,1033,0,1,0,0,0,1,savings_account,1,2,1,1,4,0,1,2023-12-01,2023-04-01,1.66666666666667,-4.12200000000001,1.91167006630822,6,4,travel,795.66
36,user_036,45,150k+,aggressive,Agricultor,46–52,investment,2021-05-09,savings_account,2022-08-12,460.0,967,0,1,0,0,1,2,investment + savings_account,3,1,2,3,3,3,0,2023-06-01,2023-06-01,1.66666666666667,-13.40875,9.71199578419104,9,45,transport,336.4
37,user_037,67,50k-100k,moderate,Veterinario,67–70,savings_account,2020-03-30,none,1900-01-01,0.0,1372,0,1,0,0,0,1,savings_account,0,2,3,0,1,2,0,2023-05-01,2023-09-01,1.14285714285714,-13.9566666666667,1.09772717962709,7,40,health,857.4
38,user_038,58,100k-150k,moderate,Recolector de dinero en aparatos de venta automática y lector de medidores,60–66,savings_account,2020-02-15,credit_card,2021-07-08,509.0,1416,0,1,1,0,0,2,credit_card + savings_account,4,1,1,1,2,1,0,2023-11-01,2023-12-01,1.25,11.6071428571429,0.340321629724004,8,2,entertainment,416.91
39,user_039,25,30k-50k,conservative,Director de servicios de bienestar social,25–31,savings_account,2021-11-17,none,1900-01-01,0.0,775,0,1,0,0,0,1,savings_account,1,2,1,0,1,2,3,2023-06-01,2023-12-01,1.11111111111111,231.42375,3.83591784869362,9,5,travel,4175.24
40,user_040,67,30k-50k,conservative,Entrevistador de investigaciones de mercados,67–70,checking_account,2021-12-09,none,1900-01-01,0.0,753,1,0,0,0,0,1,checking_account,4,1,3,1,3,1,2,2023-07-01,2023-03-01,2.14285714285714,-11.7533333333334,4.9589091894052,7,9,travel,1988.16
41,user_041,47,100k-150k,moderate,Deportista,46–52,checking_account,2020-08-27,investment,2022-11-10,805.0,1222,1,0,0,0,1,2,checking_account + investment,2,1,0,2,3,1,0,2023-09-01,2023-09-01,1.28571428571429,-18.8483333333333,0.57750179114906,7,69,supermarket,465.41
42,user_042,26,50k-100k,moderate,Controlador de instalaciones de procesamiento de productos químicos,25–31,credit_card,2021-07-27,savings_account,2022-02-12,200.0,888,0,1,1,0,0,2,credit_card + savings_account,3,0,1,2,1,1,0,2023-09-01,2023-09-01,1.33333333333333,13.8,0.443788031931644,6,66,entertainment,328.31
43,user_043,19,150k+,aggressive,Profesional de la protección medioambiental,18–24,insurance,2021-11-01,savings_account,2022-07-04,245.0,791,0,1,0,1,0,2,insurance + savings_account,0,3,1,1,2,1,1,2023-11-01,2023-03-01,1.5,-70.928,15.056696514639,6,37,travel,719.34
44,user_044,63,50k-100k,moderate,Mecánico y reparador de vehículos de motor,60–66,checking_account,2022-01-03,insurance,2022-02-04,32.0,728,1,0,0,1,0,2,checking_account + insurance,1,2,2,4,3,2,1,2023-01-01,2023-08-01,1.5,-21.8288888888889,1.25586213422535,10,16,travel,1411.2
45,user_045,32,30k-50k,conservative,Zapatero,32–38,checking_account,2020-06-26,none,1900-01-01,0.0,1284,1,0,0,0,0,1,checking_account,1,3,0,0,2,0,0,2023-01-01,2023-02-01,1.0,16.118,1.45387117392742,6,59,supermarket,239.67
46,user_046,52,100k-150k,moderate,Peón de obras públicas y mantenimiento,53–59,savings_account,2021-02-15,credit_card,2022-05-11,450.0,1050,0,1,1,0,0,2,credit_card + savings_account,1,1,1,1,2,0,1,2023-02-01,2023-03-01,1.0,28.45,1.8262585763976,7,57,supermarket,224.34
47,user_047,52,150k+,aggressive,Operador de telar y otras máquinas tejedoras,53–59,savings_account,2022-01-29,none,1900-01-01,0.0,702,0,1,0,0,0,1,savings_account,0,2,1,4,3,2,1,2023-04-01,2023-03-01,1.44444444444444,-0.0612499999999976,1.89857892199273,9,33,travel,1945.84
48,user_048,37,50k-100k,moderate,Analista financiero,32–38,insurance,2021-05-13,savings_account,2022-06-04,387.0,963,0,1,0,1,0,2,insurance + savings_account,1,2,3,2,3,3,1,2023-02-01,2023-09-01,1.875,-28.9257142857143,1.92711121139875,8,36,travel,1332.07
49,user_049,65,30k-50k,conservative,Trabajador comunitario de la salud,67–70,savings_account,2021-04-01,credit_card,2021-11-22,235.0,1005,0,1,1,0,0,2,credit_card + savings_account,1,0,2,3,2,3,0,2023-01-01,2023-01-01,1.57142857142857,-84.2966666666667,0.103679792236787,7,4,health,634.3
50,user_050,41,30k-50k,conservative,Supervisor de la construcción,39–45,checking_account,2020-10-06,none,1900-01-01,0.0,1182,1,0,0,0,0,1,checking_account,0,1,1,4,0,0,1,2023-01-01,2023-05-01,1.4,33.7775,3.22155246520919,5,98,travel,1495.08
51,user_051,53,30k-50k,conservative,Farmacéutico,53–59,checking_account,2021-11-16,none,1900-01-01,0.0,776,1,0,0,0,0,1,checking_account,1,1,3,1,2,0,0,2023-10-01,2023-10-01,1.6,181.255,3.50718289259994,5,81,health,1007.27
52,user_052,18,30k-50k,conservative,Árbitro deportivo,18–24,checking_account,2021-06-01,none,1900-01-01,0.0,944,1,0,0,0,0,1,checking_account,0,3,1,0,6,1,0,2023-10-01,2023-10-01,1.375,-1.76142857142858,2.55096786234679,8,44,supermarket,503.7
53,user_053,30,100k-150k,moderate,Traductor e intérprete,25–31,investment,2021-10-11,checking_account,2022-06-28,260.0,812,1,0,0,0,1,2,checking_account + investment,2,5,0,0,1,4,0,2023-02-01,2023-02-01,1.5,4.38571428571429,2.25219960671343,8,20,food,260.07
54,user_054,26,30k-50k,conservative,Operador de máquinas para fabricar productos de material plástico,25–31,checking_account,2022-03-25,none,1900-01-01,0.0,647,1,0,0,0,0,1,checking_account,0,4,2,3,3,1,0,2023-05-01,2023-09-01,1.3,10.9311111111111,0.572369491377786,10,9,food,383.34
55,user_055,66,50k-100k,moderate,Ayudante de ambulancia,67–70,checking_account,2020-06-21,none,1900-01-01,0.0,1289,1,0,0,0,0,1,checking_account,3,3,0,2,1,1,0,2023-02-01,2023-08-01,1.42857142857143,-2.24333333333333,0.402331409303567,7,3,entertainment,259.75
56,user_056,25,30k-50k,conservative,Fabricante de instrumentos musicales,25–31,savings_account,2022-02-25,none,1900-01-01,0.0,675,0,1,0,0,0,1,savings_account,1,0,0,1,2,0,0,2023-03-01,2023-03-01,1.33333333333333,-5.115,2.72847457785437,3,57,supermarket,237.34
57,user_057,49,150k+,aggressive,Tapicero,46–52,savings_account,2021-06-16,investment,2022-11-28,530.0,929,0,1,0,0,1,2,investment + savings_account,2,1,4,2,2,1,2,2023-02-01,2023-02-01,1.55555555555556,-90.12125,-0.040302907370414,9,21,travel,1466.17
58,user_058,24,30k-50k,conservative,Gerente general,18–24,savings_account,2021-11-01,none,1900-01-01,0.0,791,0,1,0,0,0,1,savings_account,0,1,2,0,3,1,1,2023-10-01,2023-09-01,1.14285714285714,24.5416666666667,5.73240099389645,7,84,travel,653.22
59,user_059,61,50k-100k,moderate,Optometrista,60–66,savings_account,2020-10-05,none,1900-01-01,0.0,1183,0,1,0,0,0,1,savings_account,1,2,0,2,2,0,0,2023-05-01,2023-05-01,1.75,-42.4766666666667,0.106827776227925,4,43,food,256.76
60,user_060,32,30k-50k,conservative,Operador de máquinas para fabricar productos de material plástico,32–38,savings_account,2021-06-21,none,1900-01-01,0.0,924,0,1,0,0,0,1,savings_account,1,0,2,3,3,1,0,2023-01-01,2023-01-01,1.25,-46.4814285714286,-0.0554644301851786,8,24,health,586.02
61,user_061,52,30k-50k,conservative,Agente de maniobras,53–59,checking_account,2020-06-29,none,1900-01-01,0.0,1281,1,0,0,0,0,1,checking_account,1,1,4,2,3,2,0,2023-10-01,2023-10-01,1.625,8.79571428571431,3.92892357003349,8,18,health,1139.04
62,user_062,56,30k-50k,conservative,Instalador y reparador de líneas eléctricas,53–59,checking_account,2020-07-13,credit_card,2022-04-25,651.0,1267,1,0,1,0,0,2,checking_account + credit_card,3,1,2,1,3,2,0,2023-06-01,2023-08-01,2.0,20.97,0.777054248167633,6,102,health,390.69
63,user_063,46,150k+,aggressive,Instalador y reparador en tecnología de la información y las comunicaciones,46–52,savings_account,2020-11-09,credit_card,2022-09-15,675.0,1148,0,1,1,0,0,2,credit_card + savings_account,0,3,4,3,1,1,1,2023-04-01,2023-11-01,1.85714285714286,177.88,4.13535391665363,7,37,travel,1227.86
64,user_064,62,100k-150k,moderate,Entrenador deportivo,60–66,checking_account,2021-03-17,credit_card,2022-03-10,358.0,1020,1,0,1,0,0,2,checking_account + credit_card,3,4,0,3,6,3,0,2023-12-01,2023-12-01,1.58333333333333,32.1463636363636,2.10437378254158,12,1,supermarket,727.76
65,user_065,25,50k-100k,moderate,Tasador,25–31,insurance,2022-05-20,checking_account,2022-09-16,119.0,591,1,0,0,1,0,2,checking_account + insurance,2,4,1,1,1,2,0,2023-01-01,2023-04-01,1.375,1.10857142857143,0.78715290402159,8,11,entertainment,253.9
66,user_066,67,150k+,aggressive,Operario en cemento armado y enfoscador,67–70,insurance,2021-03-10,savings_account,2022-08-17,525.0,1027,0,1,0,1,0,2,insurance + savings_account,0,2,1,1,2,2,1,2023-04-01,2023-07-01,1.8,-7.39500000000001,1.81874182528993,5,21,travel,1473.93
67,user_067,44,30k-50k,conservative,Recepcionista,39–45,checking_account,2020-01-16,none,1900-01-01,0.0,1446,1,0,0,0,0,1,checking_account,1,0,0,3,0,1,0,2023-04-01,2023-09-01,1.25,-30.7266666666667,-0.234835824621467,4,91,transport,123.12
68,user_068,49,30k-50k,conservative,Empleado del servicio de personal,46–52,checking_account,2021-10-03,none,1900-01-01,0.0,820,1,0,0,0,0,1,checking_account,0,0,0,2,3,2,2,2023-09-01,2023-03-01,1.28571428571429,4.00999999999999,1.23889563527526,7,24,travel,1439.72
69,user_069,61,30k-50k,conservative,Director de investigación y desarrollo,60–66,savings_account,2020-09-17,none,1900-01-01,0.0,1201,0,1,0,0,0,1,savings_account,1,1,3,0,5,1,2,2023-04-01,2023-07-01,1.44444444444444,14.18125,2.35294425775454,9,19,travel,1588.1
70,user_070,68,50k-100k,moderate,Productor y trabajador calificado de explotaciones agropecuarias mixtas,67–70,checking_account,2021-04-07,credit_card,2022-04-24,382.0,999,1,0,1,0,0,2,checking_account + credit_card,1,0,0,1,5,2,3,2023-01-01,2023-10-01,1.71428571428571,-11.42,4.30021389257786,7,22,travel,2700.37
71,user_071,18,30k-50k,conservative,Conductor de motocicletas,18–24,checking_account,2021-11-19,none,1900-01-01,0.0,773,1,0,0,0,0,1,checking_account,2,4,0,0,1,0,1,2023-01-01,2023-06-01,1.33333333333333,-37.086,4.88154668502053,6,4,travel,1642.42
72,user_072,48,30k-50k,conservative,Profesor de enseñanza secundaria,46–52,checking_account,2021-10-20,none,1900-01-01,0.0,803,1,0,0,0,0,1,checking_account,1,3,1,2,3,0,0,2023-07-01,2023-01-01,1.42857142857143,-43.565,0.593258919251718,7,32,health,402.34
73,user_073,23,50k-100k,moderate,Director de empresas de abastecimiento distribución y afines,18–24,savings_account,2022-09-02,none,1900-01-01,0.0,486,0,1,0,0,0,1,savings_account,1,4,1,0,2,3,0,2023-12-01,2023-08-01,1.57142857142857,19.2633333333333,0.241529190152632,7,2,food,439.93
74,user_074,68,150k+,aggressive,Operador de plantas y máquinas de productos químicos,67–70,investment,2021-04-11,checking_account,2021-05-11,30.0,995,1,0,0,0,1,2,checking_account + investment,1,3,1,0,6,2,1,2023-09-01,2023-03-01,1.75,50.0771428571429,2.16982349073658,8,14,supermarket,838.06
75,user_075,42,30k-50k,conservative,Pintor y empapelador,39–45,checking_account,2020-08-13,none,1900-01-01,0.0,1236,1,0,0,0,0,1,checking_account,2,4,2,1,4,4,1,2023-03-01,2023-04-01,2.0,22.94875,1.90405078293906,9,49,travel,878.67
76,user_076,40,150k+,aggressive,Locutor de radio,39–45,investment,2021-01-07,savings_account,2021-09-26,262.0,1089,0,1,0,0,1,2,investment + savings_account,2,3,2,2,3,1,0,2023-01-01,2023-04-01,1.85714285714286,-34.24,-0.02692138852411,7,7,health,510.54
77,user_077,58,30k-50k,conservative,Operador de telar y otras máquinas tejedoras,60–66,savings_account,2020-07-25,none,1900-01-01,0.0,1255,0,1,0,0,0,1,savings_account,0,2,1,3,3,1,0,2023-07-01,2023-07-01,2.0,-0.134999999999991,0.876324868698373,5,15,supermarket,432.68
78,user_078,33,100k-150k,moderate,Operador de máquinas para elaborar alimentos y productos afines,32–38,checking_account,2020-05-13,none,1900-01-01,0.0,1328,1,0,0,0,0,1,checking_account,0,0,0,2,0,3,0,2023-01-01,2023-12-01,1.0,12.9325,1.30028313737834,5,17,transport,117.21
79,user_079,57,150k+,aggressive,Fotógrafo,53–59,checking_account,2020-05-01,none,1900-01-01,0.0,1340,1,0,0,0,0,1,checking_account,1,1,0,1,7,1,0,2023-10-01,2023-05-01,1.83333333333333,-1.72400000000001,0.348078571126125,6,25,supermarket,699.39
80,user_080,20,50k-100k,moderate,Director de explotaciones de minería,18–24,savings_account,2021-05-23,credit_card,2021-07-01,39.0,953,0,1,1,0,0,2,credit_card + savings_account,3,2,1,3,0,1,1,2023-04-01,2023-04-01,1.57142857142857,42.9633333333333,3.18393169619607,7,20,travel,1989.25
81,user_081,51,150k+,aggressive,Compositor,53–59,credit_card,2021-03-24,savings_account,2021-07-08,106.0,1013,0,1,1,0,0,2,credit_card + savings_account,1,1,2,3,0,0,1,2023-02-01,2023-07-01,1.33333333333333,2.98999999999999,0.694312859445564,6,127,travel,945.45
82,user_082,47,100k-150k,moderate,Ingeniero químico,46–52,checking_account,2021-08-07,credit_card,2021-09-10,34.0,877,1,0,1,0,0,2,checking_account + credit_card,1,1,1,2,3,1,0,2023-06-01,2023-06-01,1.28571428571429,0.02,0.756960434688937,7,23,supermarket,344.92
83,user_083,35,30k-50k,conservative,Oficial de las fuerzas armadas,32–38,savings_account,2020-06-14,credit_card,2021-10-27,500.0,1296,0,1,1,0,0,2,credit_card + savings_account,0,0,0,2,4,2,1,2023-12-01,2023-12-01,1.5,54.412,2.30147730786908,6,2,supermarket,428.57
84,user_084,37,100k-150k,moderate,Instalador y reparador de líneas eléctricas,32–38,savings_account,2021-05-01,insurance,2021-09-12,134.0,975,0,1,0,1,0,2,insurance + savings_account,1,1,2,2,3,1,1,2023-12-01,2023-07-01,1.57142857142857,19.4616666666667,1.92421083304156,7,8,travel,1606.23
85,user_085,37,150k+,aggressive,Secretario (general),32–38,credit_card,2021-12-20,savings_account,2022-12-01,346.0,742,0,1,1,0,0,2,credit_card + savings_account,1,4,3,2,3,1,0,2023-07-01,2023-12-01,1.75,67.58,2.37094273946834,8,12,health,821.95
86,user_086,54,100k-150k,moderate,Oficinista general,53–59,insurance,2021-11-07,savings_account,2022-05-15,189.0,785,0,1,0,1,0,2,insurance + savings_account,2,0,1,0,0,3,0,2023-12-01,2023-03-01,1.2,-68.3625,0.287869643188639,5,1,health,472.03
87,user_087,61,30k-50k,conservative,Fabricante de instrumentos musicales,60–66,savings_account,2020-01-07,none,1900-01-01,0.0,1455,0,1,0,0,0,1,savings_account,1,2,2,3,3,0,0,2023-11-01,2023-11-01,1.83333333333333,-0.907999999999998,0.80785354396483,6,14,supermarket,272.16
88,user_088,49,100k-150k,moderate,Representante comercial,46–52,savings_account,2021-03-15,insurance,2021-12-10,270.0,1022,0,1,0,1,0,2,insurance + savings_account,1,0,0,1,7,1,2,2023-04-01,2023-12-01,1.71428571428571,306.448333333333,1.28327028260167,7,13,travel,2526.24
89,user_089,22,50k-100k,moderate,Profesional de la salud y la higiene laboral y ambiental,18–24,checking_account,2021-01-08,insurance,2022-03-15,431.0,1088,1,0,0,1,0,2,checking_account + insurance,0,1,0,1,3,5,1,2023-02-01,2023-09-01,1.375,-0.734285714285712,2.0269817680535,8,10,travel,506.43
90,user_090,35,50k-100k,moderate,Catador de bebidas,32–38,checking_account,2021-05-17,insurance,2022-02-27,286.0,959,1,0,0,1,0,2,checking_account + insurance,0,1,1,2,0,1,0,2023-05-01,2023-06-01,1.25,-27.8266666666667,0.139153321587207,4,124,health,273.47
91,user_091,48,100k-150k,moderate,Mandader,46–52,savings_account,2021-02-26,insurance,2022-11-14,626.0,1039,0,1,0,1,0,2,insurance + savings_account,3,1,1,3,4,0,0,2023-03-01,2023-03-01,2.0,-28.258,0.374521690849689,6,108,supermarket,439.85
92,user_092,27,30k-50k,conservative,Suboficial de las fuerzas armadas,25–31,savings_account,2021-12-06,none,1900-01-01,0.0,756,0,1,0,0,0,1,savings_account,0,3,2,2,3,0,0,2023-10-01,2023-10-01,1.25,-6.98142857142857,0.496528261050446,8,22,supermarket,512.33
93,user_093,34,150k+,aggressive,Demostrador de tiendas,32–38,savings_account,2021-01-22,insurance,2022-02-05,379.0,1074,0,1,0,1,0,2,insurance + savings_account,1,2,2,1,1,2,0,2023-10-01,2023-10-01,1.125,-18.8114285714286,0.627696013357957,8,51,health,354.98
94,user_094,69,30k-50k,conservative,Agente de empleo,67–70,savings_account,2022-03-17,none,1900-01-01,0.0,655,0,1,0,0,0,1,savings_account,0,3,0,1,0,2,3,2023-04-01,2023-11-01,1.28571428571429,4.84833333333332,3.33496679665539,7,11,travel,2609.49
95,user_095,37,100k-150k,moderate,Vendedor ambulantes (excluyendo de comida),32–38,checking_account,2021-04-05,none,1900-01-01,0.0,1001,1,0,0,0,0,1,checking_account,1,2,0,3,2,0,0,2023-01-01,2023-01-01,1.33333333333333,-56.416,-0.0633567338038175,6,96,shopping,313.92
96,user_096,55,150k+,aggressive,Curador de museos,53–59,checking_account,2020-04-28,credit_card,2021-08-29,488.0,1343,1,0,1,0,0,2,checking_account + credit_card,1,2,1,2,0,0,1,2023-07-01,2023-12-01,1.16666666666667,228.12,2.09039027044266,6,5,travel,1243.69
97,user_097,28,100k-150k,moderate,Agente de bolsa,25–31,insurance,2021-01-09,savings_account,2022-01-19,375.0,1087,0,1,0,1,0,2,insurance + savings_account,0,2,1,1,0,1,1,2023-05-01,2023-11-01,1.0,-5.004,11.8745577110484,6,9,travel,499.48
98,user_098,18,30k-50k,conservative,Secretario administrativo,18–24,savings_account,2020-12-28,credit_card,2021-11-10,317.0,1099,0,1,1,0,0,2,credit_card + savings_account,1,2,2,2,0,0,0,2023-03-01,2023-11-01,1.4,-15.6375,2.54035674565282,5,12,health,339.36
99,user_099,50,150k+,aggressive,Modelador de vidrio,46–52,savings_account,2021-01-09,credit_card,2022-08-01,569.0,1087,0,1,1,0,0,2,credit_card + savings_account,1,1,0,1,0,1,1,2023-02-01,2023-02-01,1.66666666666667,-275.67,-0.4558129657152,3,77,travel,408.34
100,user_100,51,30k-50k,conservative,Conductor de camiones pesados,53–59,savings_account,2020-08-25,none,1900-01-01,0.0,1224,0,1,0,0,0,1,savings_account,1,1,1,2,2,2,1,2023-01-01,2023-01-01,1.42857142857143,-315.11,-0.064041321704017,7,14,travel,1793.3
